businessunit,calendarid,calendar,calendarid
businessunit,createdby,systemuser,systemuserid
businessunit,createdonbehalfby,systemuser,systemuserid
businessunit,modifiedby,systemuser,systemuserid
businessunit,modifiedonbehalfby,systemuser,systemuserid
businessunit,organizationid,organization,organizationid
businessunit,parentbusinessunitid,businessunit,businessunitid
businessunit,transactioncurrencyid,transactioncurrency,transactioncurrencyid
appointment,createdby,systemuser,systemuserid
appointment,createdonbehalfby,systemuser,systemuserid
appointment,dow_business,businessunit,businessunitid
appointment,dow_businessgroup,businessunit,businessunitid
appointment,modifiedby,systemuser,systemuserid
appointment,modifiedonbehalfby,systemuser,systemuserid
appointment,owningbusinessunit,businessunit,businessunitid
appointment,owningteam,team,teamid
appointment,owninguser,systemuser,systemuserid
appointment,regardingobjectid,account,
appointment,regardingobjectid,adx_invitation,
appointment,regardingobjectid,bookableresourcebooking,
appointment,regardingobjectid,bookableresourcebookingheader,
appointment,regardingobjectid,bulkoperation,
appointment,regardingobjectid,campaign,
appointment,regardingobjectid,campaignactivity,
appointment,regardingobjectid,cnx_finesseserver,
appointment,regardingobjectid,cnx_servicelayout,
appointment,regardingobjectid,contact,
appointment,regardingobjectid,contract,
appointment,regardingobjectid,docusign_user,
appointment,regardingobjectid,dow_accountmanual,
appointment,regardingobjectid,dow_accountmanualordertemplate,
appointment,regardingobjectid,dow_accountmanualproduct,
appointment,regardingobjectid,dow_accountmanualshipto,
appointment,regardingobjectid,dow_accountmanualsoldto,
appointment,regardingobjectid,dow_accountplan,
appointment,regardingobjectid,dow_attributemappingentity,
appointment,regardingobjectid,dow_casetype,
appointment,regardingobjectid,dow_competitiveanalysis,
appointment,regardingobjectid,dow_county,
appointment,regardingobjectid,dow_financials,
appointment,regardingobjectid,dow_globalsalestargets,
appointment,regardingobjectid,dow_goals,
appointment,regardingobjectid,dow_quantifiedvalueproposition,
appointment,regardingobjectid,dow_reportofcall,
appointment,regardingobjectid,dow_salescontract,
appointment,regardingobjectid,dow_salesregion,
appointment,regardingobjectid,dow_sampleproductlineitem,
appointment,regardingobjectid,dow_state,
appointment,regardingobjectid,entitlement,
appointment,regardingobjectid,entitlementtemplate,
appointment,regardingobjectid,incident,
appointment,regardingobjectid,invoice,
appointment,regardingobjectid,knowledgearticle,
appointment,regardingobjectid,knowledgebaserecord,
appointment,regardingobjectid,lead,
appointment,regardingobjectid,msdyn_customerasset,
appointment,regardingobjectid,msdyn_playbookinstance,
appointment,regardingobjectid,msdyn_postalbum,
appointment,regardingobjectid,msdyn_salessuggestion,
appointment,regardingobjectid,msdyn_swarm,
appointment,regardingobjectid,mspp_adplacement,
appointment,regardingobjectid,mspp_pollplacement,
appointment,regardingobjectid,mspp_publishingstatetransitionrule,
appointment,regardingobjectid,mspp_redirect,
appointment,regardingobjectid,mspp_shortcut,
appointment,regardingobjectid,mspp_website,
appointment,regardingobjectid,opportunity,
appointment,regardingobjectid,quote,
appointment,regardingobjectid,salesorder,
appointment,regardingobjectid,site,
appointment,serviceid,service,serviceid
appointment,slaid,sla,slaid
appointment,slainvokedid,sla,slaid
appointment,transactioncurrencyid,transactioncurrency,transactioncurrencyid
appointment,ownerid,systemuser,
appointment,ownerid,team,
appointment,optionalattendees,account,
appointment,optionalattendees,contact,
appointment,optionalattendees,docusign_accountconfiguration,
appointment,optionalattendees,entitlement,
appointment,optionalattendees,equipment,
appointment,optionalattendees,knowledgearticle,
appointment,optionalattendees,lead,
appointment,optionalattendees,msdyn_salessuggestion,
appointment,optionalattendees,queue,
appointment,optionalattendees,systemuser,
appointment,optionalattendees,unresolvedaddress,
appointment,optionalattendees,opportunity,
appointment,organizer,systemuser,
appointment,organizer,contact,
appointment,organizer,opportunity,
appointment,organizer,lead,
appointment,organizer,account,
appointment,requiredattendees,account,
appointment,requiredattendees,contact,
appointment,requiredattendees,docusign_accountconfiguration,
appointment,requiredattendees,entitlement,
appointment,requiredattendees,equipment,
appointment,requiredattendees,knowledgearticle,
appointment,requiredattendees,lead,
appointment,requiredattendees,msdyn_salessuggestion,
appointment,requiredattendees,queue,
appointment,requiredattendees,systemuser,
appointment,requiredattendees,unresolvedaddress,
appointment,requiredattendees,opportunity,
appointment,regardingobjectid,dow_userbackup,dow_userbackupid
account,createdby,systemuser,systemuserid
account,createdbyexternalparty,externalparty,externalpartyid
account,createdonbehalfby,systemuser,systemuserid
account,defaultpricelevelid,pricelevel,pricelevelid
account,dow_assignmentowner,systemuser,systemuserid
account,dow_countryid,dow_country,dow_countryid
account,dow_timezone,dow_timezone,dow_timezoneid
account,masterid,account,accountid
account,modifiedby,systemuser,systemuserid
account,modifiedbyexternalparty,externalparty,externalpartyid
account,modifiedonbehalfby,systemuser,systemuserid
account,msa_managingpartnerid,account,accountid
account,msdyn_accountkpiid,msdyn_accountkpiitem,msdyn_accountkpiitemid
account,msdyn_salesaccelerationinsightid,msdyn_salesaccelerationinsight,msdyn_salesaccelerationinsightid
account,msdyn_segmentid,msdyn_segment,msdyn_segmentid
account,originatingleadid,lead,leadid
account,owningbusinessunit,businessunit,businessunitid
account,owningteam,team,teamid
account,owninguser,systemuser,systemuserid
account,parentaccountid,account,accountid
account,preferredequipmentid,equipment,equipmentid
account,preferredserviceid,service,serviceid
account,preferredsystemuserid,systemuser,systemuserid
account,primarycontactid,contact,contactid
account,slaid,sla,slaid
account,slainvokedid,sla,slaid
account,territoryid,territory,territoryid
account,transactioncurrencyid,transactioncurrency,transactioncurrencyid
account,ownerid,systemuser,
account,ownerid,team,
campaign,createdby,systemuser,systemuserid
campaign,createdonbehalfby,systemuser,systemuserid
campaign,modifiedby,systemuser,systemuserid
campaign,modifiedonbehalfby,systemuser,systemuserid
campaign,owningbusinessunit,businessunit,businessunitid
campaign,owningteam,team,teamid
campaign,owninguser,systemuser,systemuserid
campaign,pricelistid,pricelevel,pricelevelid
campaign,transactioncurrencyid,transactioncurrency,transactioncurrencyid
campaign,ownerid,systemuser,
campaign,ownerid,team,
activityparty,activityid,activitypointer,activityid
activityparty,partyid,account,accountid
activityparty,partyid,bulkoperation,activityid
activityparty,partyid,campaign,campaignid
activityparty,partyid,campaignactivity,activityid
activityparty,partyid,contact,contactid
activityparty,partyid,contract,contractid
activityparty,partyid,docusign_accountconfiguration,docusign_accountconfigurationid
activityparty,partyid,entitlement,entitlementid
activityparty,partyid,equipment,equipmentid
activityparty,partyid,incident,incidentid
activityparty,partyid,invoice,invoiceid
activityparty,partyid,knowledgearticle,knowledgearticleid
activityparty,partyid,lead,leadid
activityparty,partyid,msdyn_salessuggestion,msdyn_salessuggestionid
activityparty,partyid,opportunity,opportunityid
activityparty,partyid,queue,queueid
activityparty,partyid,quote,quoteid
activityparty,partyid,salesorder,salesorderid
activityparty,partyid,systemuser,systemuserid
activityparty,resourcespecid,resourcespec,resourcespecid
activityparty,ownerid,systemuser,
activityparty,ownerid,team,
activitypointer,createdby,systemuser,
activitypointer,createdonbehalfby,systemuser,systemuserid
activitypointer,modifiedby,systemuser,systemuserid
activitypointer,modifiedonbehalfby,systemuser,systemuserid
activitypointer,owningbusinessunit,businessunit,businessunitid
activitypointer,owningteam,team,teamid
activitypointer,owninguser,systemuser,systemuserid
activitypointer,regardingobjectid,account,
activitypointer,regardingobjectid,adx_invitation,
activitypointer,regardingobjectid,bookableresourcebooking,
activitypointer,regardingobjectid,bookableresourcebookingheader,
activitypointer,regardingobjectid,bulkoperation,
activitypointer,regardingobjectid,campaign,
activitypointer,regardingobjectid,campaignactivity,
activitypointer,regardingobjectid,cnx_finesseserver,
activitypointer,regardingobjectid,cnx_servicelayout,
activitypointer,regardingobjectid,contact,
activitypointer,regardingobjectid,contract,
activitypointer,regardingobjectid,docusign_user,
activitypointer,regardingobjectid,dow_accountmanual,
activitypointer,regardingobjectid,dow_accountmanualordertemplate,
activitypointer,regardingobjectid,dow_accountmanualproduct,
activitypointer,regardingobjectid,dow_accountmanualshipto,
activitypointer,regardingobjectid,dow_accountmanualsoldto,
activitypointer,regardingobjectid,dow_accountplan,
activitypointer,regardingobjectid,dow_attributemappingentity,
activitypointer,regardingobjectid,dow_casetype,
activitypointer,regardingobjectid,dow_competitiveanalysis,
activitypointer,regardingobjectid,dow_county,
activitypointer,regardingobjectid,dow_financials,
activitypointer,regardingobjectid,dow_globalsalestargets,
activitypointer,regardingobjectid,dow_goals,
activitypointer,regardingobjectid,dow_quantifiedvalueproposition,
activitypointer,regardingobjectid,dow_reportofcall,
activitypointer,regardingobjectid,dow_salescontract,
activitypointer,regardingobjectid,dow_salesregion,
activitypointer,regardingobjectid,dow_sampleproductlineitem,
activitypointer,regardingobjectid,dow_state,
activitypointer,regardingobjectid,entitlement,
activitypointer,regardingobjectid,entitlementtemplate,
activitypointer,regardingobjectid,incident,
activitypointer,regardingobjectid,interactionforemail,
activitypointer,regardingobjectid,invoice,
activitypointer,regardingobjectid,knowledgearticle,
activitypointer,regardingobjectid,knowledgebaserecord,
activitypointer,regardingobjectid,lead,
activitypointer,regardingobjectid,msdyn_customerasset,
activitypointer,regardingobjectid,msdyn_playbookinstance,
activitypointer,regardingobjectid,msdyn_postalbum,
activitypointer,regardingobjectid,msdyn_salessuggestion,
activitypointer,regardingobjectid,msdyn_swarm,
activitypointer,regardingobjectid,mspp_adplacement,
activitypointer,regardingobjectid,mspp_pollplacement,
activitypointer,regardingobjectid,mspp_publishingstatetransitionrule,
activitypointer,regardingobjectid,mspp_redirect,
activitypointer,regardingobjectid,mspp_shortcut,
activitypointer,regardingobjectid,mspp_website,
activitypointer,regardingobjectid,opportunity,
activitypointer,regardingobjectid,quote,
activitypointer,regardingobjectid,salesorder,
activitypointer,regardingobjectid,site,
activitypointer,sendermailboxid,mailbox,mailboxid
activitypointer,serviceid,service,serviceid
activitypointer,slaid,sla,slaid
activitypointer,slainvokedid,sla,slaid
activitypointer,transactioncurrencyid,transactioncurrency,transactioncurrencyid
activitypointer,ownerid,systemuser,
activitypointer,ownerid,team,
activitypointer,allparties,account,
activitypointer,allparties,contact,
activitypointer,allparties,equipment,
activitypointer,allparties,lead,
activitypointer,allparties,queue,
activitypointer,allparties,systemuser,
activitypointer,allparties,team,
activitypointer,regardingobjectid,dow_userbackup,
connection,createdby,systemuser,systemuserid
connection,createdonbehalfby,systemuser,systemuserid
connection,modifiedby,systemuser,systemuserid
connection,modifiedonbehalfby,systemuser,systemuserid
connection,owningbusinessunit,businessunit,businessunitid
connection,owningteam,team,
connection,owninguser,systemuser,
connection,record1id,account,
connection,record1id,activitypointer,
connection,record1id,adx_identifierrequest,
connection,record1id,adx_invitation,
connection,record1id,adx_inviteredemption,
connection,record1id,appointment,
connection,record1id,campaign,
connection,record1id,campaignactivity,
connection,record1id,channelaccessprofilerule,
connection,record1id,cnx_finesseserver,
connection,record1id,cnx_servicelayout,
connection,record1id,competitor,
connection,record1id,constraintbasedgroup,
connection,record1id,contact,
connection,record1id,contract,
connection,record1id,docusign_user,
connection,record1id,dow_accountmanualordertemplate,
connection,record1id,dow_accountmanualproduct,
connection,record1id,dow_accountmanualshipto,
connection,record1id,dow_accountmanualsoldto,
connection,record1id,dow_accountplan,
connection,record1id,dow_attributemappingentity,
connection,record1id,dow_casetype,
connection,record1id,dow_competitiveanalysis,
connection,record1id,dow_county,
connection,record1id,dow_customerrelationshipstrategy,
connection,record1id,dow_financials,
connection,record1id,dow_globalsalestargets,
connection,record1id,dow_lowscorefollowup,
connection,record1id,dow_quantifiedvalueproposition,
connection,record1id,dow_reportofcall,
connection,record1id,dow_salesaid,
connection,record1id,dow_sample,
connection,record1id,dow_sampleproductlineitem,
connection,record1id,dow_state,
connection,record1id,dow_valuelevercategory,
connection,record1id,dow_valuelevertype,
connection,record1id,email,
connection,record1id,entitlement,
connection,record1id,entitlementchannel,
connection,record1id,entitlementtemplatechannel,
connection,record1id,equipment,
connection,record1id,fax,
connection,record1id,goal,
connection,record1id,incident,
connection,record1id,invoice,
connection,record1id,knowledgearticle,
connection,record1id,knowledgebaserecord,
connection,record1id,lead,
connection,record1id,letter,
connection,record1id,list,
connection,record1id,li_inmail,
connection,record1id,li_message,
connection,record1id,li_pointdrivepresentationviewed,
connection,record1id,msdyn_assignmentmap,
connection,record1id,msdyn_assignmentrule,
connection,record1id,msdyn_copilottranscript,
connection,record1id,msdyn_customerasset,
connection,record1id,msdyn_iotalert,
connection,record1id,msdyn_iotdevice,
connection,record1id,msdyn_iotdevicecategory,
connection,record1id,msdyn_iotdevicecommand,
connection,record1id,msdyn_iotdeviceregistrationhistory,
connection,record1id,msdyn_liveconversation,
connection,record1id,msdyn_ocliveworkitem,
connection,record1id,msdyn_ocsession,
connection,record1id,msdyn_postalbum,msdyn_postalbumid
connection,record1id,msdyn_salessuggestion,
connection,record1id,msdyn_sequence,
connection,record1id,msdyn_sequencetarget,
connection,record1id,msdyn_suggestionprincipalobjectaccess,
connection,record1id,msfp_alert,
connection,record1id,msfp_surveyinvite,
connection,record1id,msfp_surveyresponse,
connection,record1id,mspp_publishingstatetransitionrule,
connection,record1id,mspp_shortcut,
connection,record1id,mspp_website,
connection,record1id,opportunity,
connection,record1id,phonecall,
connection,record1id,position,
connection,record1id,pricelevel,
connection,record1id,processsession,
connection,record1id,product,
connection,record1id,quote,
connection,record1id,recurringappointmentmaster,
connection,record1id,resourcegroup,
connection,record1id,salesorder,
connection,record1id,serviceappointment,
connection,record1id,socialactivity,
connection,record1id,socialprofile,
connection,record1id,systemuser,systemuserid
connection,record1id,task,
connection,record1id,team,
connection,record1id,territory,
connection,record1roleid,connectionrole,connectionroleid
connection,record2id,account,
connection,record2id,activitypointer,
connection,record2id,adx_identifierrequest,
connection,record2id,adx_invitation,
connection,record2id,adx_inviteredemption,
connection,record2id,appointment,
connection,record2id,campaign,
connection,record2id,campaignactivity,
connection,record2id,channelaccessprofilerule,
connection,record2id,cnx_finesseserver,
connection,record2id,cnx_servicelayout,
connection,record2id,competitor,
connection,record2id,constraintbasedgroup,
connection,record2id,contact,
connection,record2id,contract,
connection,record2id,docusign_user,
connection,record2id,dow_accountmanualordertemplate,
connection,record2id,dow_accountmanualproduct,
connection,record2id,dow_accountmanualshipto,
connection,record2id,dow_accountmanualsoldto,
connection,record2id,dow_accountplan,
connection,record2id,dow_attributemappingentity,
connection,record2id,dow_casetype,
connection,record2id,dow_competitiveanalysis,
connection,record2id,dow_county,
connection,record2id,dow_customerrelationshipstrategy,
connection,record2id,dow_financials,
connection,record2id,dow_globalsalestargets,
connection,record2id,dow_lowscorefollowup,
connection,record2id,dow_quantifiedvalueproposition,
connection,record2id,dow_reportofcall,
connection,record2id,dow_salesaid,
connection,record2id,dow_sample,
connection,record2id,dow_sampleproductlineitem,
connection,record2id,dow_state,
connection,record2id,dow_valuelevercategory,
connection,record2id,dow_valuelevertype,
connection,record2id,email,
connection,record2id,entitlement,
connection,record2id,entitlementchannel,
connection,record2id,entitlementtemplatechannel,
connection,record2id,equipment,
connection,record2id,fax,
connection,record2id,goal,
connection,record2id,incident,
connection,record2id,invoice,
connection,record2id,knowledgearticle,
connection,record2id,knowledgebaserecord,
connection,record2id,lead,
connection,record2id,letter,
connection,record2id,list,
connection,record2id,li_inmail,
connection,record2id,li_message,
connection,record2id,li_pointdrivepresentationviewed,
connection,record2id,msdyn_assignmentmap,
connection,record2id,msdyn_assignmentrule,
connection,record2id,msdyn_copilottranscript,
connection,record2id,msdyn_customerasset,
connection,record2id,msdyn_iotalert,
connection,record2id,msdyn_iotdevice,
connection,record2id,msdyn_iotdevicecategory,
connection,record2id,msdyn_iotdevicecommand,
connection,record2id,msdyn_iotdeviceregistrationhistory,
connection,record2id,msdyn_liveconversation,
connection,record2id,msdyn_ocliveworkitem,
connection,record2id,msdyn_ocsession,
connection,record2id,msdyn_postalbum,msdyn_postalbumid
connection,record2id,msdyn_salessuggestion,
connection,record2id,msdyn_sequence,
connection,record2id,msdyn_sequencetarget,
connection,record2id,msdyn_suggestionprincipalobjectaccess,
connection,record2id,msfp_alert,
connection,record2id,msfp_surveyinvite,
connection,record2id,msfp_surveyresponse,
connection,record2id,mspp_publishingstatetransitionrule,
connection,record2id,mspp_shortcut,
connection,record2id,mspp_website,
connection,record2id,opportunity,
connection,record2id,phonecall,
connection,record2id,position,
connection,record2id,pricelevel,
connection,record2id,processsession,
connection,record2id,product,
connection,record2id,quote,
connection,record2id,recurringappointmentmaster,
connection,record2id,resourcegroup,
connection,record2id,salesorder,
connection,record2id,serviceappointment,
connection,record2id,socialactivity,
connection,record2id,socialprofile,
connection,record2id,systemuser,systemuserid
connection,record2id,task,
connection,record2id,team,
connection,record2id,territory,
connection,record2roleid,connectionrole,connectionroleid
connection,relatedconnectionid,connection,connectionid
connection,transactioncurrencyid,transactioncurrency,transactioncurrencyid
connection,ownerid,systemuser,
connection,ownerid,team,
campaignresponse,createdby,systemuser,systemuserid
campaignresponse,createdonbehalfby,systemuser,systemuserid
campaignresponse,modifiedby,systemuser,systemuserid
campaignresponse,modifiedonbehalfby,systemuser,systemuserid
campaignresponse,originatingactivityid,appointment,activityid
campaignresponse,originatingactivityid,email,activityid
campaignresponse,originatingactivityid,fax,activityid
campaignresponse,originatingactivityid,letter,activityid
campaignresponse,originatingactivityid,phonecall,activityid
campaignresponse,owningbusinessunit,businessunit,businessunitid
campaignresponse,owningteam,team,teamid
campaignresponse,owninguser,systemuser,systemuserid
campaignresponse,regardingobjectid,bulkoperation,activityid
campaignresponse,regardingobjectid,campaign,campaignid
campaignresponse,sendermailboxid,mailbox,mailboxid
campaignresponse,serviceid,service,
campaignresponse,slaid,sla,slaid
campaignresponse,slainvokedid,sla,slaid
campaignresponse,transactioncurrencyid,transactioncurrency,transactioncurrencyid
campaignresponse,ownerid,systemuser,
campaignresponse,ownerid,team,
campaignresponse,bcc,account,
campaignresponse,bcc,contact,
campaignresponse,bcc,lead,
campaignresponse,bcc,systemuser,
campaignresponse,cc,account,
campaignresponse,cc,contact,
campaignresponse,cc,lead,
campaignresponse,cc,systemuser,
campaignresponse,customer,account,
campaignresponse,customer,contact,
campaignresponse,customer,lead,
campaignresponse,customers,account,
campaignresponse,customers,contact,
campaignresponse,from,account,
campaignresponse,from,contact,
campaignresponse,from,lead,
campaignresponse,from,queue,
campaignresponse,from,systemuser,
campaignresponse,optionalattendees,account,
campaignresponse,optionalattendees,contact,
campaignresponse,optionalattendees,lead,
campaignresponse,optionalattendees,systemuser,
campaignresponse,organizer,systemuser,
campaignresponse,partner,account,
campaignresponse,partner,contact,
campaignresponse,partners,account,
campaignresponse,partners,contact,
campaignresponse,requiredattendees,account,
campaignresponse,requiredattendees,contact,
campaignresponse,requiredattendees,lead,
campaignresponse,requiredattendees,systemuser,
campaignresponse,resources,equipment,
campaignresponse,resources,systemuser,
campaignresponse,to,account,
campaignresponse,to,contact,
campaignresponse,to,lead,
campaignresponse,to,systemuser,
connectionrole,createdby,systemuser,systemuserid
connectionrole,createdonbehalfby,systemuser,systemuserid
connectionrole,modifiedby,systemuser,systemuserid
connectionrole,modifiedonbehalfby,systemuser,systemuserid
connectionrole,organizationid,organization,organizationid
contact,accountid,account,
contact,createdby,systemuser,systemuserid
contact,createdbyexternalparty,externalparty,externalpartyid
contact,createdonbehalfby,systemuser,systemuserid
contact,defaultpricelevelid,pricelevel,pricelevelid
contact,dow_businessphonecountry,dow_country,dow_countryid
contact,dow_countryid,dow_country,dow_countryid
contact,dow_cxsurveyexcludedby,systemuser,systemuserid
contact,dow_dowusername,systemuser,systemuserid
contact,dow_mobilephonecountry,dow_country,dow_countryid
contact,dow_validatedby,systemuser,systemuserid
contact,masterid,contact,contactid
contact,modifiedby,systemuser,systemuserid
contact,modifiedbyexternalparty,externalparty,externalpartyid
contact,modifiedonbehalfby,systemuser,systemuserid
contact,msa_managingpartnerid,account,accountid
contact,msdyn_contactkpiid,msdyn_contactkpiitem,msdyn_contactkpiitemid
contact,msdyn_segmentid,msdyn_segment,msdyn_segmentid
contact,originatingleadid,lead,leadid
contact,owningbusinessunit,businessunit,businessunitid
contact,owningteam,team,teamid
contact,owninguser,systemuser,systemuserid
contact,parent_contactid,contact,contactid
contact,parentcontactid,contact,
contact,preferredequipmentid,equipment,equipmentid
contact,preferredserviceid,service,serviceid
contact,preferredsystemuserid,systemuser,systemuserid
contact,slaid,sla,slaid
contact,slainvokedid,sla,slaid
contact,transactioncurrencyid,transactioncurrency,transactioncurrencyid
contact,ownerid,systemuser,
contact,ownerid,team,
contact,parentcustomerid,account,accountid
contact,parentcustomerid,contact,contactid
dow_accountmanual,createdby,systemuser,systemuserid
dow_accountmanual,createdonbehalfby,systemuser,systemuserid
dow_accountmanual,dow_account,account,accountid
dow_accountmanual,dow_accountmanualid1,contact,contactid
dow_accountmanual,dow_businessgroup,businessunit,businessunitid
dow_accountmanual,dow_currency,transactioncurrency,transactioncurrencyid
dow_accountmanual,dow_globalbusiness,businessunit,businessunitid
dow_accountmanual,dow_owningcsr,systemuser,systemuserid
dow_accountmanual,dow_primarybackup,systemuser,systemuserid
dow_accountmanual,dow_secondarybackup,systemuser,systemuserid
dow_accountmanual,dow_soldto,account,accountid
dow_accountmanual,modifiedby,systemuser,systemuserid
dow_accountmanual,modifiedonbehalfby,systemuser,systemuserid
dow_accountmanual,owningbusinessunit,businessunit,businessunitid
dow_accountmanual,owningteam,team,teamid
dow_accountmanual,owninguser,systemuser,systemuserid
dow_accountmanual,ownerid,systemuser,
dow_accountmanual,ownerid,team,
dow_accountmanualcontact,createdby,systemuser,systemuserid
dow_accountmanualcontact,createdonbehalfby,systemuser,systemuserid
dow_accountmanualcontact,dow_accountmanualnameid,dow_accountmanual,dow_accountmanualid
dow_accountmanualcontact,dow_contact,contact,contactid
dow_accountmanualcontact,modifiedby,systemuser,systemuserid
dow_accountmanualcontact,modifiedonbehalfby,systemuser,systemuserid
dow_accountmanualcontact,owningbusinessunit,businessunit,businessunitid
dow_accountmanualcontact,owningteam,team,teamid
dow_accountmanualcontact,owninguser,systemuser,systemuserid
dow_accountmanualcontact,ownerid,systemuser,
dow_accountmanualcontact,ownerid,team,
dow_accountmanualshipto,createdby,systemuser,systemuserid
dow_accountmanualshipto,createdonbehalfby,systemuser,systemuserid
dow_accountmanualshipto,dow_accountmanualid,dow_accountmanual,dow_accountmanualid
dow_accountmanualshipto,dow_shipto,account,accountid
dow_accountmanualshipto,dow_soldto,account,accountid
dow_accountmanualshipto,modifiedby,systemuser,systemuserid
dow_accountmanualshipto,modifiedonbehalfby,systemuser,systemuserid
dow_accountmanualshipto,owningbusinessunit,businessunit,businessunitid
dow_accountmanualshipto,owningteam,team,teamid
dow_accountmanualshipto,owninguser,systemuser,systemuserid
dow_accountmanualshipto,ownerid,systemuser,
dow_accountmanualshipto,ownerid,team,
dow_accountteam,createdby,systemuser,systemuserid
dow_accountteam,createdonbehalfby,systemuser,systemuserid
dow_accountteam,dow_associatedaccountteamid,account,accountid
dow_accountteam,dow_contactteammemberid,contact,contactid
dow_accountteam,dow_leadteammemberid,lead,leadid
dow_accountteam,dow_opportunityteammembersid,opportunity,opportunityid
dow_accountteam,dow_teammemberid,systemuser,systemuserid
dow_accountteam,modifiedby,systemuser,systemuserid
dow_accountteam,modifiedonbehalfby,systemuser,systemuserid
dow_accountteam,organizationid,organization,organizationid
dow_accountmanualsoldto,createdby,systemuser,systemuserid
dow_accountmanualsoldto,createdonbehalfby,systemuser,systemuserid
dow_accountmanualsoldto,dow_accountmanual,dow_accountmanual,dow_accountmanualid
dow_accountmanualsoldto,dow_soldto,account,accountid
dow_accountmanualsoldto,modifiedby,systemuser,systemuserid
dow_accountmanualsoldto,modifiedonbehalfby,systemuser,systemuserid
dow_accountmanualsoldto,owningbusinessunit,businessunit,businessunitid
dow_accountmanualsoldto,owningteam,team,teamid
dow_accountmanualsoldto,owninguser,systemuser,systemuserid
dow_accountmanualsoldto,ownerid,systemuser,
dow_accountmanualsoldto,ownerid,team,
dow_accountmanualproduct,createdby,systemuser,systemuserid
dow_accountmanualproduct,createdonbehalfby,systemuser,systemuserid
dow_accountmanualproduct,dow_accountmanualtoaccountmanualproid,dow_accountmanual,dow_accountmanualid
dow_accountmanualproduct,dow_existingproductname,product,productid
dow_accountmanualproduct,dow_logisticscontact,contact,contactid
dow_accountmanualproduct,dow_planner,contact,contactid
dow_accountmanualproduct,dow_productname,product,productid
dow_accountmanualproduct,modifiedby,systemuser,systemuserid
dow_accountmanualproduct,modifiedonbehalfby,systemuser,systemuserid
dow_accountmanualproduct,owningbusinessunit,businessunit,businessunitid
dow_accountmanualproduct,owningteam,team,teamid
dow_accountmanualproduct,owninguser,systemuser,systemuserid
dow_accountmanualproduct,ownerid,systemuser,
dow_accountmanualproduct,ownerid,team,
dow_attributecategory,createdby,systemuser,systemuserid
dow_attributecategory,createdonbehalfby,systemuser,systemuserid
dow_attributecategory,dow_businessunit,businessunit,businessunitid
dow_attributecategory,modifiedby,systemuser,systemuserid
dow_attributecategory,modifiedonbehalfby,systemuser,systemuserid
dow_attributecategory,organizationid,organization,organizationid
competitor,createdby,systemuser,systemuserid
competitor,createdonbehalfby,systemuser,
competitor,modifiedby,systemuser,systemuserid
competitor,modifiedonbehalfby,systemuser,
competitor,organizationid,organization,organizationid
competitor,transactioncurrencyid,transactioncurrency,
dow_attributecategoryvalue,createdby,systemuser,systemuserid
dow_attributecategoryvalue,createdonbehalfby,systemuser,systemuserid
dow_attributecategoryvalue,dow_account,account,accountid
dow_attributecategoryvalue,dow_attributecategory,dow_attributecategory,dow_attributecategoryid
dow_attributecategoryvalue,dow_attributevalue,dow_attributevalue,dow_attributevalueid
dow_attributecategoryvalue,dow_businessunit,businessunit,businessunitid
dow_attributecategoryvalue,dow_contactid,contact,contactid
dow_attributecategoryvalue,dow_opportunityid,opportunity,opportunityid
dow_attributecategoryvalue,modifiedby,systemuser,systemuserid
dow_attributecategoryvalue,modifiedonbehalfby,systemuser,systemuserid
dow_attributecategoryvalue,owningbusinessunit,businessunit,businessunitid
dow_attributecategoryvalue,owningteam,team,teamid
dow_attributecategoryvalue,owninguser,systemuser,systemuserid
dow_attributecategoryvalue,ownerid,systemuser,
dow_attributecategoryvalue,ownerid,team,
dow_attributevalue,createdby,systemuser,systemuserid
dow_attributevalue,createdonbehalfby,systemuser,systemuserid
dow_attributevalue,dow_attributecategory,dow_attributecategory,dow_attributecategoryid
dow_attributevalue,dow_businessunit,businessunit,businessunitid
dow_attributevalue,modifiedby,systemuser,systemuserid
dow_attributevalue,modifiedonbehalfby,systemuser,systemuserid
dow_attributevalue,organizationid,organization,organizationid
dow_caseproduct,createdby,systemuser,systemuserid
dow_caseproduct,createdonbehalfby,systemuser,systemuserid
dow_caseproduct,dow_case,incident,incidentid
dow_caseproduct,dow_product,product,productid
dow_caseproduct,dow_productlist,pricelevel,pricelevelid
dow_caseproduct,dow_unit,uom,uomid
dow_caseproduct,modifiedby,systemuser,systemuserid
dow_caseproduct,modifiedonbehalfby,systemuser,systemuserid
dow_caseproduct,owningbusinessunit,businessunit,businessunitid
dow_caseproduct,owningteam,team,teamid
dow_caseproduct,owninguser,systemuser,systemuserid
dow_caseproduct,transactioncurrencyid,transactioncurrency,transactioncurrencyid
dow_caseproduct,ownerid,systemuser,
dow_caseproduct,ownerid,team,
dow_contractglobalbusinessunit,createdby,systemuser,systemuserid
dow_contractglobalbusinessunit,createdonbehalfby,systemuser,systemuserid
dow_contractglobalbusinessunit,dow_globalbusinessunit,businessunit,businessunitid
dow_contractglobalbusinessunit,modifiedby,systemuser,systemuserid
dow_contractglobalbusinessunit,modifiedonbehalfby,systemuser,systemuserid
dow_contractglobalbusinessunit,owningbusinessunit,businessunit,businessunitid
dow_contractglobalbusinessunit,owningteam,team,teamid
dow_contractglobalbusinessunit,owninguser,systemuser,systemuserid
dow_contractglobalbusinessunit,ownerid,systemuser,
dow_contractglobalbusinessunit,ownerid,team,
dow_country,createdby,systemuser,systemuserid
dow_country,createdonbehalfby,systemuser,systemuserid
dow_country,modifiedby,systemuser,systemuserid
dow_country,modifiedonbehalfby,systemuser,systemuserid
dow_country,organizationid,organization,organizationid
dow_contractproduct,createdby,systemuser,systemuserid
dow_contractproduct,createdonbehalfby,systemuser,systemuserid
dow_contractproduct,dow_country,dow_country,dow_countryid
dow_contractproduct,dow_product,product,productid
dow_contractproduct,dow_productterm,dow_productterm,dow_producttermid
dow_contractproduct,dow_salescontract,dow_salescontract,dow_salescontractid
dow_contractproduct,modifiedby,systemuser,systemuserid
dow_contractproduct,modifiedonbehalfby,systemuser,systemuserid
dow_contractproduct,owningbusinessunit,businessunit,businessunitid
dow_contractproduct,owningteam,team,teamid
dow_contractproduct,owninguser,systemuser,systemuserid
dow_contractproduct,ownerid,systemuser,
dow_contractproduct,ownerid,team,
dow_county,createdby,systemuser,systemuserid
dow_county,createdonbehalfby,systemuser,systemuserid
dow_county,dow_state,dow_state,dow_stateid
dow_county,modifiedby,systemuser,systemuserid
dow_county,modifiedonbehalfby,systemuser,systemuserid
dow_county,owningbusinessunit,businessunit,businessunitid
dow_county,owningteam,team,teamid
dow_county,owninguser,systemuser,systemuserid
dow_county,ownerid,systemuser,
dow_county,ownerid,team,
dow_casetype,createdby,systemuser,systemuserid
dow_casetype,createdonbehalfby,systemuser,systemuserid
dow_casetype,dow_parentcasetype,dow_casetype,dow_casetypeid
dow_casetype,modifiedby,systemuser,systemuserid
dow_casetype,modifiedonbehalfby,systemuser,systemuserid
dow_casetype,owningbusinessunit,businessunit,businessunitid
dow_casetype,owningteam,team,teamid
dow_casetype,owninguser,systemuser,systemuserid
dow_casetype,ownerid,systemuser,
dow_casetype,ownerid,team,
dow_innovationproject,createdby,systemuser,systemuserid
dow_innovationproject,createdonbehalfby,systemuser,systemuserid
dow_innovationproject,dow_businessgroupid,businessunit,businessunitid
dow_innovationproject,dow_businessunitid,businessunit,businessunitid
dow_innovationproject,modifiedby,systemuser,systemuserid
dow_innovationproject,modifiedonbehalfby,systemuser,systemuserid
dow_innovationproject,organizationid,organization,organizationid
dow_innovationproject,transactioncurrencyid,transactioncurrency,transactioncurrencyid
dow_dowbusinessmarket,createdby,systemuser,systemuserid
dow_dowbusinessmarket,createdonbehalfby,systemuser,systemuserid
dow_dowbusinessmarket,dow_businessgroup,businessunit,businessunitid
dow_dowbusinessmarket,dow_groupid,businessunit,businessunitid
dow_dowbusinessmarket,dow_parentmarket,dow_dowbusinessmarket,dow_dowbusinessmarketid
dow_dowbusinessmarket,modifiedby,systemuser,systemuserid
dow_dowbusinessmarket,modifiedonbehalfby,systemuser,systemuserid
dow_dowbusinessmarket,organizationid,organization,organizationid
dow_leadproduct,createdby,systemuser,systemuserid
dow_leadproduct,createdonbehalfby,systemuser,systemuserid
dow_leadproduct,dow_lead,lead,leadid
dow_leadproduct,dow_product,product,productid
dow_leadproduct,dow_productlist,pricelevel,pricelevelid
dow_leadproduct,dow_unit,uom,uomid
dow_leadproduct,modifiedby,systemuser,systemuserid
dow_leadproduct,modifiedonbehalfby,systemuser,systemuserid
dow_leadproduct,owningbusinessunit,businessunit,businessunitid
dow_leadproduct,owningteam,team,teamid
dow_leadproduct,owninguser,systemuser,systemuserid
dow_leadproduct,transactioncurrencyid,transactioncurrency,transactioncurrencyid
dow_leadproduct,ownerid,systemuser,
dow_leadproduct,ownerid,team,
dow_legalentity,createdby,systemuser,systemuserid
dow_legalentity,createdonbehalfby,systemuser,systemuserid
dow_legalentity,modifiedby,systemuser,systemuserid
dow_legalentity,modifiedonbehalfby,systemuser,systemuserid
dow_legalentity,owningbusinessunit,businessunit,businessunitid
dow_legalentity,owningteam,team,teamid
dow_legalentity,owninguser,systemuser,systemuserid
dow_legalentity,ownerid,systemuser,
dow_legalentity,ownerid,team,
dow_link,createdby,systemuser,systemuserid
dow_link,createdonbehalfby,systemuser,systemuserid
dow_link,dow_account,account,accountid
dow_link,dow_businessgroup,businessunit,businessunitid
dow_link,modifiedby,systemuser,systemuserid
dow_link,modifiedonbehalfby,systemuser,systemuserid
dow_link,owningbusinessunit,businessunit,businessunitid
dow_link,owningteam,team,teamid
dow_link,owninguser,systemuser,systemuserid
dow_link,ownerid,systemuser,
dow_link,ownerid,team,
dow_productterm,createdby,systemuser,systemuserid
dow_productterm,createdonbehalfby,systemuser,systemuserid
dow_productterm,dow_producttermsid,dow_salescontract,dow_salescontractid
dow_productterm,modifiedby,systemuser,systemuserid
dow_productterm,modifiedonbehalfby,systemuser,systemuserid
dow_productterm,owningbusinessunit,businessunit,businessunitid
dow_productterm,owningteam,team,teamid
dow_productterm,owninguser,systemuser,systemuserid
dow_productterm,ownerid,systemuser,
dow_productterm,ownerid,team,
dow_salesaid,createdby,systemuser,systemuserid
dow_salesaid,createdonbehalfby,systemuser,systemuserid
dow_salesaid,modifiedby,systemuser,systemuserid
dow_salesaid,modifiedonbehalfby,systemuser,systemuserid
dow_salesaid,owningbusinessunit,businessunit,businessunitid
dow_salesaid,owningteam,team,teamid
dow_salesaid,owninguser,systemuser,systemuserid
dow_salesaid,regardingobjectid,account,
dow_salesaid,regardingobjectid,adx_invitation,
dow_salesaid,regardingobjectid,bookableresourcebooking,
dow_salesaid,regardingobjectid,bookableresourcebookingheader,
dow_salesaid,regardingobjectid,bulkoperation,
dow_salesaid,regardingobjectid,campaign,
dow_salesaid,regardingobjectid,campaignactivity,
dow_salesaid,regardingobjectid,cnx_finesseserver,
dow_salesaid,regardingobjectid,cnx_servicelayout,
dow_salesaid,regardingobjectid,contact,
dow_salesaid,regardingobjectid,contract,
dow_salesaid,regardingobjectid,docusign_user,
dow_salesaid,regardingobjectid,dow_accountmanual,
dow_salesaid,regardingobjectid,dow_accountmanualordertemplate,
dow_salesaid,regardingobjectid,dow_accountmanualproduct,
dow_salesaid,regardingobjectid,dow_accountmanualshipto,
dow_salesaid,regardingobjectid,dow_accountmanualsoldto,
dow_salesaid,regardingobjectid,dow_accountplan,
dow_salesaid,regardingobjectid,dow_attributemappingentity,
dow_salesaid,regardingobjectid,dow_casetype,
dow_salesaid,regardingobjectid,dow_competitiveanalysis,
dow_salesaid,regardingobjectid,dow_county,
dow_salesaid,regardingobjectid,dow_financials,
dow_salesaid,regardingobjectid,dow_globalsalestargets,
dow_salesaid,regardingobjectid,dow_goals,
dow_salesaid,regardingobjectid,dow_quantifiedvalueproposition,
dow_salesaid,regardingobjectid,dow_reportofcall,
dow_salesaid,regardingobjectid,dow_salescontract,
dow_salesaid,regardingobjectid,dow_salesregion,
dow_salesaid,regardingobjectid,dow_sampleproductlineitem,
dow_salesaid,regardingobjectid,dow_state,
dow_salesaid,regardingobjectid,entitlement,
dow_salesaid,regardingobjectid,entitlementtemplate,
dow_salesaid,regardingobjectid,incident,
dow_salesaid,regardingobjectid,interactionforemail,
dow_salesaid,regardingobjectid,invoice,
dow_salesaid,regardingobjectid,knowledgearticle,
dow_salesaid,regardingobjectid,knowledgebaserecord,
dow_salesaid,regardingobjectid,lead,
dow_salesaid,regardingobjectid,msdyn_customerasset,
dow_salesaid,regardingobjectid,msdyn_playbookinstance,
dow_salesaid,regardingobjectid,msdyn_postalbum,
dow_salesaid,regardingobjectid,msdyn_salessuggestion,
dow_salesaid,regardingobjectid,msdyn_swarm,
dow_salesaid,regardingobjectid,mspp_adplacement,
dow_salesaid,regardingobjectid,mspp_pollplacement,
dow_salesaid,regardingobjectid,mspp_publishingstatetransitionrule,
dow_salesaid,regardingobjectid,mspp_redirect,
dow_salesaid,regardingobjectid,mspp_shortcut,
dow_salesaid,regardingobjectid,mspp_website,
dow_salesaid,regardingobjectid,opportunity,
dow_salesaid,regardingobjectid,quote,
dow_salesaid,regardingobjectid,salesorder,
dow_salesaid,regardingobjectid,site,
dow_salesaid,sendermailboxid,mailbox,mailboxid
dow_salesaid,serviceid,service,serviceid
dow_salesaid,slaid,sla,slaid
dow_salesaid,slainvokedid,sla,slaid
dow_salesaid,transactioncurrencyid,transactioncurrency,transactioncurrencyid
dow_salesaid,ownerid,systemuser,
dow_salesaid,ownerid,team,
dow_salesaid,bcc,account,
dow_salesaid,bcc,contact,
dow_salesaid,bcc,lead,
dow_salesaid,bcc,systemuser,
dow_salesaid,cc,account,
dow_salesaid,cc,contact,
dow_salesaid,cc,lead,
dow_salesaid,cc,systemuser,
dow_salesaid,customers,account,
dow_salesaid,customers,contact,
dow_salesaid,from,account,
dow_salesaid,from,contact,
dow_salesaid,from,lead,
dow_salesaid,from,systemuser,
dow_salesaid,optionalattendees,account,
dow_salesaid,optionalattendees,contact,
dow_salesaid,optionalattendees,docusign_accountconfiguration,
dow_salesaid,optionalattendees,entitlement,
dow_salesaid,optionalattendees,equipment,
dow_salesaid,optionalattendees,knowledgearticle,
dow_salesaid,optionalattendees,lead,
dow_salesaid,optionalattendees,msdyn_salessuggestion,
dow_salesaid,optionalattendees,queue,
dow_salesaid,optionalattendees,systemuser,
dow_salesaid,optionalattendees,unresolvedaddress,
dow_salesaid,organizer,systemuser,
dow_salesaid,partners,account,
dow_salesaid,partners,contact,
dow_salesaid,requiredattendees,account,
dow_salesaid,requiredattendees,contact,
dow_salesaid,requiredattendees,docusign_accountconfiguration,
dow_salesaid,requiredattendees,entitlement,
dow_salesaid,requiredattendees,equipment,
dow_salesaid,requiredattendees,knowledgearticle,
dow_salesaid,requiredattendees,lead,
dow_salesaid,requiredattendees,msdyn_salessuggestion,
dow_salesaid,requiredattendees,queue,
dow_salesaid,requiredattendees,systemuser,
dow_salesaid,requiredattendees,unresolvedaddress,
dow_salesaid,resources,equipment,
dow_salesaid,resources,systemuser,
dow_salesaid,to,account,
dow_salesaid,to,contact,
dow_salesaid,to,lead,
dow_salesaid,to,systemuser,
dow_salesaid,regardingobjectid,dow_userbackup,dow_userbackupid
dow_reportofcall,createdby,systemuser,systemuserid
dow_reportofcall,createdonbehalfby,systemuser,systemuserid
dow_reportofcall,dow_application,dow_dowbusinessmarket,dow_dowbusinessmarketid
dow_reportofcall,dow_business,businessunit,businessunitid
dow_reportofcall,dow_businessgroupid,businessunit,businessunitid
dow_reportofcall,dow_businessmarketid,dow_dowbusinessmarket,dow_dowbusinessmarketid
dow_reportofcall,dow_businesssegmentid,businessunit,businessunitid
dow_reportofcall,dow_callreportid1,account,accountid
dow_reportofcall,dow_clone_source_callreportid,dow_reportofcall,dow_reportofcallid
dow_reportofcall,dow_marketsegmentparent,dow_dowbusinessmarket,dow_dowbusinessmarketid
dow_reportofcall,dow_reportsofcallsid,account,accountid
dow_reportofcall,modifiedby,systemuser,systemuserid
dow_reportofcall,modifiedonbehalfby,systemuser,systemuserid
dow_reportofcall,owningbusinessunit,businessunit,businessunitid
dow_reportofcall,owningteam,team,teamid
dow_reportofcall,owninguser,systemuser,systemuserid
dow_reportofcall,ownerid,systemuser,
dow_reportofcall,ownerid,team,
dow_salescontract,createdby,systemuser,systemuserid
dow_salescontract,createdonbehalfby,systemuser,systemuserid
dow_salescontract,dow_amendedcontract,dow_salescontract,dow_salescontractid
dow_salescontract,dow_contractfocalpoint,systemuser,systemuserid
dow_salescontract,dow_globalbusiness,businessunit,businessunitid
dow_salescontract,dow_industryapplication,dow_dowbusinessmarket,dow_dowbusinessmarketid
dow_salescontract,dow_originalcontract,dow_salescontract,dow_salescontractid
dow_salescontract,dow_previouscustomermanager,systemuser,systemuserid
dow_salescontract,dow_primarycustomer,account,accountid
dow_salescontract,dow_requestingcustomermanager,systemuser,systemuserid
dow_salescontract,modifiedby,systemuser,systemuserid
dow_salescontract,modifiedonbehalfby,systemuser,systemuserid
dow_salescontract,owningbusinessunit,businessunit,businessunitid
dow_salescontract,owningteam,team,teamid
dow_salescontract,owninguser,systemuser,systemuserid
dow_salescontract,transactioncurrencyid,transactioncurrency,transactioncurrencyid
dow_salescontract,ownerid,systemuser,
dow_salescontract,ownerid,team,
dow_salesregion,createdby,systemuser,systemuserid
dow_salesregion,createdonbehalfby,systemuser,systemuserid
dow_salesregion,dow_businessgroupid,businessunit,businessunitid
dow_salesregion,modifiedby,systemuser,systemuserid
dow_salesregion,modifiedonbehalfby,systemuser,systemuserid
dow_salesregion,organizationid,organization,organizationid
dow_sampleproductlineitem,createdby,systemuser,systemuserid
dow_sampleproductlineitem,createdonbehalfby,systemuser,systemuserid
dow_sampleproductlineitem,dow_product,product,productid
dow_sampleproductlineitem,dow_sample,dow_sample,activityid
dow_sampleproductlineitem,modifiedby,systemuser,systemuserid
dow_sampleproductlineitem,modifiedonbehalfby,systemuser,systemuserid
dow_sampleproductlineitem,organizationid,organization,organizationid
dow_sample,createdby,systemuser,systemuserid
dow_sample,createdonbehalfby,systemuser,systemuserid
dow_sample,dow_account,account,accountid
dow_sample,dow_endusecustomer,account,accountid
dow_sample,modifiedby,systemuser,systemuserid
dow_sample,modifiedonbehalfby,systemuser,systemuserid
dow_sample,owningbusinessunit,businessunit,businessunitid
dow_sample,owningteam,team,teamid
dow_sample,owninguser,systemuser,systemuserid
dow_sample,regardingobjectid,account,
dow_sample,regardingobjectid,adx_invitation,
dow_sample,regardingobjectid,bookableresourcebooking,
dow_sample,regardingobjectid,bookableresourcebookingheader,
dow_sample,regardingobjectid,bulkoperation,
dow_sample,regardingobjectid,campaign,
dow_sample,regardingobjectid,campaignactivity,
dow_sample,regardingobjectid,cnx_finesseserver,
dow_sample,regardingobjectid,cnx_servicelayout,
dow_sample,regardingobjectid,contact,
dow_sample,regardingobjectid,contract,
dow_sample,regardingobjectid,docusign_user,
dow_sample,regardingobjectid,dow_accountmanual,
dow_sample,regardingobjectid,dow_accountmanualordertemplate,
dow_sample,regardingobjectid,dow_accountmanualproduct,
dow_sample,regardingobjectid,dow_accountmanualshipto,
dow_sample,regardingobjectid,dow_accountmanualsoldto,
dow_sample,regardingobjectid,dow_accountplan,
dow_sample,regardingobjectid,dow_attributemappingentity,
dow_sample,regardingobjectid,dow_casetype,
dow_sample,regardingobjectid,dow_competitiveanalysis,
dow_sample,regardingobjectid,dow_county,
dow_sample,regardingobjectid,dow_financials,
dow_sample,regardingobjectid,dow_globalsalestargets,
dow_sample,regardingobjectid,dow_goals,
dow_sample,regardingobjectid,dow_quantifiedvalueproposition,
dow_sample,regardingobjectid,dow_reportofcall,
dow_sample,regardingobjectid,dow_salescontract,
dow_sample,regardingobjectid,dow_salesregion,
dow_sample,regardingobjectid,dow_sampleproductlineitem,
dow_sample,regardingobjectid,dow_state,
dow_sample,regardingobjectid,entitlement,
dow_sample,regardingobjectid,entitlementtemplate,
dow_sample,regardingobjectid,incident,
dow_sample,regardingobjectid,interactionforemail,
dow_sample,regardingobjectid,invoice,
dow_sample,regardingobjectid,knowledgearticle,
dow_sample,regardingobjectid,knowledgebaserecord,
dow_sample,regardingobjectid,lead,
dow_sample,regardingobjectid,msdyn_customerasset,
dow_sample,regardingobjectid,msdyn_playbookinstance,
dow_sample,regardingobjectid,msdyn_postalbum,
dow_sample,regardingobjectid,msdyn_salessuggestion,
dow_sample,regardingobjectid,msdyn_swarm,
dow_sample,regardingobjectid,mspp_adplacement,
dow_sample,regardingobjectid,mspp_pollplacement,
dow_sample,regardingobjectid,mspp_publishingstatetransitionrule,
dow_sample,regardingobjectid,mspp_redirect,
dow_sample,regardingobjectid,mspp_shortcut,
dow_sample,regardingobjectid,mspp_website,
dow_sample,regardingobjectid,opportunity,
dow_sample,regardingobjectid,quote,
dow_sample,regardingobjectid,salesorder,
dow_sample,regardingobjectid,site,
dow_sample,sendermailboxid,mailbox,mailboxid
dow_sample,serviceid,service,serviceid
dow_sample,slaid,sla,slaid
dow_sample,slainvokedid,sla,slaid
dow_sample,transactioncurrencyid,transactioncurrency,transactioncurrencyid
dow_sample,ownerid,systemuser,
dow_sample,ownerid,team,
dow_sample,bcc,account,
dow_sample,bcc,contact,
dow_sample,bcc,lead,
dow_sample,bcc,systemuser,
dow_sample,cc,account,
dow_sample,cc,contact,
dow_sample,cc,lead,
dow_sample,cc,systemuser,
dow_sample,customers,account,
dow_sample,customers,contact,
dow_sample,from,account,
dow_sample,from,contact,
dow_sample,from,lead,
dow_sample,from,systemuser,
dow_sample,optionalattendees,account,
dow_sample,optionalattendees,contact,
dow_sample,optionalattendees,docusign_accountconfiguration,
dow_sample,optionalattendees,entitlement,
dow_sample,optionalattendees,equipment,
dow_sample,optionalattendees,knowledgearticle,
dow_sample,optionalattendees,lead,
dow_sample,optionalattendees,msdyn_salessuggestion,
dow_sample,optionalattendees,queue,
dow_sample,optionalattendees,systemuser,
dow_sample,optionalattendees,unresolvedaddress,
dow_sample,organizer,systemuser,
dow_sample,partners,account,
dow_sample,partners,contact,
dow_sample,requiredattendees,account,
dow_sample,requiredattendees,contact,
dow_sample,requiredattendees,docusign_accountconfiguration,
dow_sample,requiredattendees,entitlement,
dow_sample,requiredattendees,equipment,
dow_sample,requiredattendees,knowledgearticle,
dow_sample,requiredattendees,lead,
dow_sample,requiredattendees,msdyn_salessuggestion,
dow_sample,requiredattendees,queue,
dow_sample,requiredattendees,systemuser,
dow_sample,requiredattendees,unresolvedaddress,
dow_sample,resources,equipment,
dow_sample,resources,systemuser,
dow_sample,to,account,
dow_sample,to,contact,
dow_sample,to,lead,
dow_sample,to,systemuser,
dow_sample,regardingobjectid,dow_userbackup,dow_userbackupid
dow_state,createdby,systemuser,systemuserid
dow_state,createdonbehalfby,systemuser,systemuserid
dow_state,dow_country,dow_country,dow_countryid
dow_state,modifiedby,systemuser,systemuserid
dow_state,modifiedonbehalfby,systemuser,systemuserid
dow_state,owningbusinessunit,businessunit,businessunitid
dow_state,owningteam,team,teamid
dow_state,owninguser,systemuser,systemuserid
dow_state,ownerid,systemuser,
dow_state,ownerid,team,
email,acceptingentityid,queue,queueid
email,acceptingentityid,systemuser,systemuserid
email,correlatedactivityid,email,activityid
email,createdby,systemuser,systemuserid
email,createdonbehalfby,systemuser,systemuserid
email,dow_business,businessunit,businessunitid
email,dow_businessgroup,businessunit,businessunitid
email,emailsender,account,accountid
email,emailsender,contact,contactid
email,emailsender,equipment,equipmentid
email,emailsender,lead,leadid
email,emailsender,queue,queueid
email,emailsender,systemuser,systemuserid
email,modifiedby,systemuser,systemuserid
email,modifiedonbehalfby,systemuser,systemuserid
email,owningbusinessunit,businessunit,businessunitid
email,owningteam,team,teamid
email,owninguser,systemuser,systemuserid
email,parentactivityid,email,activityid
email,receivingmailboxid,mailbox,mailboxid
email,regardingobjectid,account,
email,regardingobjectid,adx_invitation,
email,regardingobjectid,asyncoperation,
email,regardingobjectid,bookableresourcebooking,
email,regardingobjectid,bookableresourcebookingheader,
email,regardingobjectid,bulkoperation,
email,regardingobjectid,campaign,
email,regardingobjectid,campaignactivity,
email,regardingobjectid,cnx_finesseserver,
email,regardingobjectid,cnx_servicelayout,
email,regardingobjectid,contact,
email,regardingobjectid,contract,
email,regardingobjectid,docusign_user,
email,regardingobjectid,dow_accountmanual,
email,regardingobjectid,dow_accountmanualordertemplate,
email,regardingobjectid,dow_accountmanualproduct,
email,regardingobjectid,dow_accountmanualshipto,
email,regardingobjectid,dow_accountmanualsoldto,
email,regardingobjectid,dow_accountplan,
email,regardingobjectid,dow_attributemappingentity,
email,regardingobjectid,dow_casetype,
email,regardingobjectid,dow_competitiveanalysis,
email,regardingobjectid,dow_county,
email,regardingobjectid,dow_financials,
email,regardingobjectid,dow_globalsalestargets,
email,regardingobjectid,dow_goals,
email,regardingobjectid,dow_quantifiedvalueproposition,
email,regardingobjectid,dow_reportofcall,
email,regardingobjectid,dow_salescontract,
email,regardingobjectid,dow_salesregion,
email,regardingobjectid,dow_sampleproductlineitem,
email,regardingobjectid,dow_state,
email,regardingobjectid,entitlement,entitlementid
email,regardingobjectid,entitlementtemplate,entitlementtemplateid
email,regardingobjectid,incident,
email,regardingobjectid,invoice,
email,regardingobjectid,knowledgearticle,
email,regardingobjectid,knowledgebaserecord,
email,regardingobjectid,lead,
email,regardingobjectid,msdyn_customerasset,
email,regardingobjectid,msdyn_playbookinstance,
email,regardingobjectid,msdyn_postalbum,
email,regardingobjectid,msdyn_salessuggestion,
email,regardingobjectid,msdyn_swarm,
email,regardingobjectid,mspp_adplacement,
email,regardingobjectid,mspp_pollplacement,
email,regardingobjectid,mspp_publishingstatetransitionrule,
email,regardingobjectid,mspp_redirect,
email,regardingobjectid,mspp_shortcut,
email,regardingobjectid,mspp_website,
email,regardingobjectid,opportunity,
email,regardingobjectid,quote,
email,regardingobjectid,salesorder,
email,regardingobjectid,site,
email,sendermailboxid,mailbox,mailboxid
email,sendersaccount,account,accountid
email,serviceid,service,serviceid
email,slaid,sla,slaid
email,slainvokedid,sla,slaid
email,templateid,template,templateid
email,transactioncurrencyid,transactioncurrency,transactioncurrencyid
email,ownerid,systemuser,
email,ownerid,team,
email,bcc,account,
email,bcc,contact,
email,bcc,docusign_accountconfiguration,
email,bcc,entitlement,
email,bcc,equipment,
email,bcc,knowledgearticle,
email,bcc,lead,
email,bcc,msdyn_salessuggestion,
email,bcc,queue,
email,bcc,systemuser,
email,bcc,unresolvedaddress,
email,bcc,opportunity,
email,cc,account,
email,cc,contact,
email,cc,docusign_accountconfiguration,
email,cc,entitlement,
email,cc,equipment,
email,cc,knowledgearticle,
email,cc,lead,
email,cc,msdyn_salessuggestion,
email,cc,queue,
email,cc,systemuser,
email,cc,unresolvedaddress,
email,cc,opportunity,
email,from,queue,
email,from,systemuser,
email,from,contact,
email,from,opportunity,
email,from,lead,
email,from,account,
email,related,account,
email,related,campaign,
email,related,campaignactivity,
email,related,contact,
email,related,contract,
email,related,docusign_accountconfiguration,
email,related,entitlement,
email,related,equipment,
email,related,incident,
email,related,invoice,
email,related,knowledgearticle,
email,related,lead,
email,related,msdyn_salessuggestion,
email,related,opportunity,
email,related,queue,
email,related,quote,
email,related,salesorder,
email,related,systemuser,
email,related,unresolvedaddress,
email,to,account,
email,to,contact,
email,to,docusign_accountconfiguration,
email,to,entitlement,
email,to,equipment,
email,to,knowledgearticle,
email,to,lead,
email,to,msdyn_salessuggestion,
email,to,queue,
email,to,systemuser,
email,to,unresolvedaddress,
email,to,opportunity,
email,regardingobjectid,dow_userbackup,
incident,accountid,account,
incident,contactid,contact,
incident,contractdetailid,contractdetail,contractdetailid
incident,contractid,contract,contractid
incident,createdby,systemuser,systemuserid
incident,createdbyexternalparty,externalparty,externalpartyid
incident,createdonbehalfby,systemuser,systemuserid
incident,dow_application,dow_dowbusinessmarket,dow_dowbusinessmarketid
incident,dow_businessgroup,businessunit,businessunitid
incident,dow_businesslookup,businessunit,businessunitid
incident,dow_businesssegment,businessunit,businessunitid
incident,dow_campaign,campaign,campaignid
incident,dow_casedetail,dow_casetype,dow_casetypeid
incident,dow_caseid,account,accountid
incident,dow_casetype,dow_casetype,dow_casetypeid
incident,dow_category,dow_casetype,dow_casetypeid
incident,dow_cc_causecodegroup,dow_casecausefail,dow_casecausefailid
incident,dow_cc_causecodetext,dow_casecausefail,dow_casecausefailid
incident,dow_contact2,contact,contactid
incident,dow_contactid,contact,contactid
incident,dow_countrylookup,dow_country,dow_countryid
incident,dow_enteredby,contact,contactid
incident,dow_marketsegment,dow_dowbusinessmarket,dow_dowbusinessmarketid
incident,dow_marketsegmentparent,dow_dowbusinessmarket,dow_dowbusinessmarketid
incident,dow_material,product,productid
incident,dow_orderid,salesorder,salesorderid
incident,dow_ownerteam,team,teamid
incident,dow_previousowner,systemuser,systemuserid
incident,dow_productlist,pricelevel,pricelevelid
incident,dow_qncoordinator,contact,contactid
incident,dow_regardinglead,lead,leadid
incident,dow_requestor,contact,contactid
incident,dow_salesdocumentitemlookup,salesorderdetail,salesorderdetailid
incident,dow_salesregion,dow_salesregion,dow_salesregionid
incident,dow_secondpreviousowner,systemuser,systemuserid
incident,dow_secondresponsebykpiid,slakpiinstance,slakpiinstanceid
incident,dow_seller,systemuser,systemuserid
incident,dow_soldtoname,account,accountid
incident,dow_taskowner,contact,contactid
incident,entitlementid,entitlement,entitlementid
incident,existingcase,incident,incidentid
incident,firstresponsebykpiid,slakpiinstance,slakpiinstanceid
incident,kbarticleid,kbarticle,kbarticleid
incident,masterid,incident,incidentid
incident,modifiedby,systemuser,systemuserid
incident,modifiedbyexternalparty,externalparty,externalpartyid
incident,modifiedonbehalfby,systemuser,systemuserid
incident,msdyn_iotalert,msdyn_iotalert,msdyn_iotalertid
incident,owningbusinessunit,businessunit,businessunitid
incident,owningteam,team,teamid
incident,owninguser,systemuser,systemuserid
incident,parentcaseid,incident,incidentid
incident,primarycontactid,contact,contactid
incident,productid,product,productid
incident,resolvebykpiid,slakpiinstance,slakpiinstanceid
incident,responsiblecontactid,contact,contactid
incident,slaid,sla,slaid
incident,slainvokedid,sla,slaid
incident,socialprofileid,socialprofile,socialprofileid
incident,subjectid,subject,subjectid
incident,transactioncurrencyid,transactioncurrency,transactioncurrencyid
incident,ownerid,systemuser,
incident,ownerid,team,
incident,customerid,account,accountid
incident,customerid,contact,contactid
listmember,createdby,systemuser,systemuserid
listmember,createdonbehalfby,systemuser,systemuserid
listmember,entityid,account,
listmember,entityid,contact,
listmember,entityid,lead,
listmember,listid,list,
listmember,modifiedby,systemuser,systemuserid
listmember,modifiedonbehalfby,systemuser,systemuserid
listmember,ownerid,systemuser,
listmember,ownerid,team,
lead,accountid,account,
lead,campaignid,campaign,campaignid
lead,contactid,contact,
lead,createdby,systemuser,systemuserid
lead,createdonbehalfby,systemuser,systemuserid
lead,dow_application,dow_dowbusinessmarket,dow_dowbusinessmarketid
lead,dow_business,businessunit,businessunitid
lead,dow_businessgroup,businessunit,businessunitid
lead,dow_businesssegment,businessunit,businessunitid
lead,dow_clonedfrom,lead,leadid
lead,dow_country,dow_country,dow_countryid
lead,dow_county,dow_county,dow_countyid
lead,dow_countyassignment,dow_county,dow_countyid
lead,dow_endusecustomer,account,accountid
lead,dow_marketsegment,dow_dowbusinessmarket,dow_dowbusinessmarketid
lead,dow_marketsegmentparent,dow_dowbusinessmarket,dow_dowbusinessmarketid
lead,dow_productlist,pricelevel,pricelevelid
lead,dow_productuselocationcountry,dow_country,dow_countryid
lead,dow_productuselocationcounty,dow_county,dow_countyid
lead,dow_productuselocationstate,dow_state,dow_stateid
lead,dow_salesregion,dow_salesregion,dow_salesregionid
lead,dow_stateassignment,dow_state,dow_stateid
lead,masterid,lead,leadid
lead,modifiedby,systemuser,systemuserid
lead,modifiedonbehalfby,systemuser,systemuserid
lead,msdyn_leadkpiid,msdyn_leadkpiitem,msdyn_leadkpiitemid
lead,msdyn_predictivescoreid,msdyn_predictivescore,msdyn_predictivescoreid
lead,msdyn_segmentid,msdyn_segment,msdyn_segmentid
lead,originatingcaseid,incident,incidentid
lead,owningbusinessunit,businessunit,businessunitid
lead,owningteam,team,teamid
lead,owninguser,systemuser,systemuserid
lead,parentaccountid,account,accountid
lead,parentcontactid,contact,contactid
lead,qualifyingopportunityid,opportunity,
lead,relatedobjectid,campaignresponse,activityid
lead,slaid,sla,slaid
lead,slainvokedid,sla,slaid
lead,transactioncurrencyid,transactioncurrency,transactioncurrencyid
lead,zift_lead_partner,account,accountid
lead,ownerid,systemuser,
lead,ownerid,team,
lead,customerid,account,accountid
lead,customerid,contact,contactid
dow_statustracking,createdby,systemuser,systemuserid
dow_statustracking,createdonbehalfby,systemuser,systemuserid
dow_statustracking,dow_case,incident,incidentid
dow_statustracking,dow_lead,lead,leadid
dow_statustracking,dow_ownerteam,team,teamid
dow_statustracking,modifiedby,systemuser,systemuserid
dow_statustracking,modifiedonbehalfby,systemuser,systemuserid
dow_statustracking,owningbusinessunit,businessunit,businessunitid
dow_statustracking,owningteam,team,teamid
dow_statustracking,owninguser,systemuser,systemuserid
dow_statustracking,ownerid,systemuser,
dow_statustracking,ownerid,team,
incidentresolution,createdby,systemuser,systemuserid
incidentresolution,createdbyexternalparty,externalparty,externalpartyid
incidentresolution,createdonbehalfby,systemuser,systemuserid
incidentresolution,incidentid,incident,incidentid
incidentresolution,modifiedby,systemuser,systemuserid
incidentresolution,modifiedbyexternalparty,externalparty,externalpartyid
incidentresolution,modifiedonbehalfby,systemuser,systemuserid
incidentresolution,owningbusinessunit,businessunit,businessunitid
incidentresolution,owningteam,team,teamid
incidentresolution,owninguser,systemuser,systemuserid
incidentresolution,regardingobjectid,account,accountid
incidentresolution,regardingobjectid,bookableresourcebooking,bookableresourcebookingid
incidentresolution,regardingobjectid,bookableresourcebookingheader,bookableresourcebookingheaderid
incidentresolution,regardingobjectid,bulkoperation,activityid
incidentresolution,regardingobjectid,campaign,campaignid
incidentresolution,regardingobjectid,campaignactivity,activityid
incidentresolution,regardingobjectid,entitlement,entitlementid
incidentresolution,regardingobjectid,entitlementtemplate,entitlementtemplateid
incidentresolution,regardingobjectid,interactionforemail,interactionforemailid
incidentresolution,regardingobjectid,knowledgearticle,knowledgearticleid
incidentresolution,regardingobjectid,knowledgebaserecord,knowledgebaserecordid
incidentresolution,regardingobjectid,lead,leadid
incidentresolution,sendermailboxid,mailbox,mailboxid
incidentresolution,serviceid,service,serviceid
incidentresolution,slaid,sla,slaid
incidentresolution,slainvokedid,sla,slaid
incidentresolution,transactioncurrencyid,transactioncurrency,transactioncurrencyid
incidentresolution,ownerid,systemuser,
incidentresolution,ownerid,team,
incidentresolution,bcc,account,
incidentresolution,bcc,contact,
incidentresolution,bcc,lead,
incidentresolution,bcc,systemuser,
incidentresolution,cc,account,
incidentresolution,cc,contact,
incidentresolution,cc,lead,
incidentresolution,cc,systemuser,
incidentresolution,customers,account,
incidentresolution,customers,contact,
incidentresolution,from,account,
incidentresolution,from,contact,
incidentresolution,from,lead,
incidentresolution,from,systemuser,
incidentresolution,optionalattendees,account,
incidentresolution,optionalattendees,contact,
incidentresolution,optionalattendees,lead,
incidentresolution,optionalattendees,systemuser,
incidentresolution,organizer,systemuser,
incidentresolution,partners,account,
incidentresolution,partners,contact,
incidentresolution,requiredattendees,account,
incidentresolution,requiredattendees,contact,
incidentresolution,requiredattendees,lead,
incidentresolution,requiredattendees,systemuser,
incidentresolution,resources,equipment,
incidentresolution,resources,systemuser,
incidentresolution,to,account,
incidentresolution,to,contact,
incidentresolution,to,lead,
incidentresolution,to,systemuser,
list,createdby,systemuser,systemuserid
list,createdonbehalfby,systemuser,systemuserid
list,dow_account,account,accountid
list,modifiedby,systemuser,systemuserid
list,modifiedonbehalfby,systemuser,systemuserid
list,owningbusinessunit,businessunit,businessunitid
list,owningteam,team,teamid
list,owninguser,systemuser,systemuserid
list,transactioncurrencyid,transactioncurrency,transactioncurrencyid
list,ownerid,systemuser,
list,ownerid,team,
opportunityproduct,createdby,systemuser,
opportunityproduct,createdonbehalfby,systemuser,
opportunityproduct,dow_dowcompetitor,competitor,competitorid
opportunityproduct,dow_leadproduct,dow_leadproduct,dow_leadproductid
opportunityproduct,dow_productlist,pricelevel,pricelevelid
opportunityproduct,modifiedby,systemuser,
opportunityproduct,modifiedonbehalfby,systemuser,systemuserid
opportunityproduct,opportunityid,opportunity,opportunityid
opportunityproduct,owningteam,team,teamid
opportunityproduct,parentbundleidref,opportunityproduct,
opportunityproduct,productid,product,productid
opportunityproduct,transactioncurrencyid,transactioncurrency,
opportunityproduct,uomid,uom,uomid
opportunityproduct,ownerid,systemuser,
opportunityproduct,ownerid,team,
phonecall,createdby,systemuser,systemuserid
phonecall,createdonbehalfby,systemuser,systemuserid
phonecall,dow_business,businessunit,businessunitid
phonecall,dow_businessgroup,businessunit,businessunitid
phonecall,modifiedby,systemuser,systemuserid
phonecall,modifiedonbehalfby,systemuser,systemuserid
phonecall,owningbusinessunit,businessunit,businessunitid
phonecall,owningteam,team,teamid
phonecall,owninguser,systemuser,systemuserid
phonecall,regardingobjectid,account,
phonecall,regardingobjectid,adx_invitation,
phonecall,regardingobjectid,bookableresourcebooking,
phonecall,regardingobjectid,bookableresourcebookingheader,
phonecall,regardingobjectid,bulkoperation,
phonecall,regardingobjectid,campaign,
phonecall,regardingobjectid,campaignactivity,
phonecall,regardingobjectid,cnx_finesseserver,
phonecall,regardingobjectid,cnx_servicelayout,
phonecall,regardingobjectid,contact,
phonecall,regardingobjectid,contract,
phonecall,regardingobjectid,docusign_user,
phonecall,regardingobjectid,dow_accountmanual,
phonecall,regardingobjectid,dow_accountmanualordertemplate,
phonecall,regardingobjectid,dow_accountmanualproduct,
phonecall,regardingobjectid,dow_accountmanualshipto,
phonecall,regardingobjectid,dow_accountmanualsoldto,
phonecall,regardingobjectid,dow_accountplan,
phonecall,regardingobjectid,dow_attributemappingentity,
phonecall,regardingobjectid,dow_casetype,
phonecall,regardingobjectid,dow_competitiveanalysis,
phonecall,regardingobjectid,dow_county,
phonecall,regardingobjectid,dow_financials,
phonecall,regardingobjectid,dow_globalsalestargets,
phonecall,regardingobjectid,dow_goals,
phonecall,regardingobjectid,dow_quantifiedvalueproposition,
phonecall,regardingobjectid,dow_reportofcall,
phonecall,regardingobjectid,dow_salescontract,
phonecall,regardingobjectid,dow_salesregion,
phonecall,regardingobjectid,dow_sampleproductlineitem,
phonecall,regardingobjectid,dow_state,
phonecall,regardingobjectid,entitlement,
phonecall,regardingobjectid,entitlementtemplate,
phonecall,regardingobjectid,incident,
phonecall,regardingobjectid,invoice,
phonecall,regardingobjectid,knowledgearticle,
phonecall,regardingobjectid,knowledgebaserecord,
phonecall,regardingobjectid,lead,
phonecall,regardingobjectid,msdyn_customerasset,
phonecall,regardingobjectid,msdyn_playbookinstance,
phonecall,regardingobjectid,msdyn_postalbum,
phonecall,regardingobjectid,msdyn_salessuggestion,
phonecall,regardingobjectid,msdyn_swarm,
phonecall,regardingobjectid,mspp_adplacement,
phonecall,regardingobjectid,mspp_pollplacement,
phonecall,regardingobjectid,mspp_publishingstatetransitionrule,
phonecall,regardingobjectid,mspp_redirect,
phonecall,regardingobjectid,mspp_shortcut,
phonecall,regardingobjectid,mspp_website,
phonecall,regardingobjectid,opportunity,
phonecall,regardingobjectid,quote,
phonecall,regardingobjectid,salesorder,
phonecall,regardingobjectid,site,
phonecall,serviceid,service,serviceid
phonecall,slaid,sla,slaid
phonecall,slainvokedid,sla,slaid
phonecall,transactioncurrencyid,transactioncurrency,transactioncurrencyid
phonecall,ownerid,systemuser,
phonecall,ownerid,team,
phonecall,from,account,
phonecall,from,contact,
phonecall,from,lead,
phonecall,from,systemuser,
phonecall,to,account,
phonecall,to,contact,
phonecall,to,lead,
phonecall,to,systemuser,
phonecall,regardingobjectid,dow_userbackup,dow_userbackupid
slakpiinstance,createdby,systemuser,systemuserid
slakpiinstance,createdonbehalfby,systemuser,systemuserid
slakpiinstance,modifiedby,systemuser,systemuserid
slakpiinstance,modifiedonbehalfby,systemuser,systemuserid
slakpiinstance,msdyn_slaitemid,slaitem,slaitemid
slakpiinstance,owningbusinessunit,businessunit,businessunitid
slakpiinstance,regarding,incident,incidentid
slakpiinstance,transactioncurrencyid,transactioncurrency,transactioncurrencyid
slakpiinstance,ownerid,systemuser,
role,businessunitid,businessunit,businessunitid
role,createdby,systemuser,systemuserid
role,createdonbehalfby,systemuser,systemuserid
role,modifiedby,systemuser,systemuserid
role,modifiedonbehalfby,systemuser,systemuserid
role,parentroleid,role,roleid
role,parentrootroleid,role,roleid
role,roletemplateid,roletemplate,
product,createdby,systemuser,systemuserid
product,createdbyexternalparty,externalparty,externalpartyid
product,createdonbehalfby,systemuser,systemuserid
product,defaultuomid,uom,uomid
product,defaultuomscheduleid,uomschedule,uomscheduleid
product,dow_newbusinessgroupid,businessunit,businessunitid
product,dow_parentproductid,product,productid
product,modifiedby,systemuser,systemuserid
product,modifiedbyexternalparty,externalparty,externalpartyid
product,modifiedonbehalfby,systemuser,systemuserid
product,organizationid,organization,organizationid
product,parentproductid,product,
product,pricelevelid,pricelevel,pricelevelid
product,subjectid,subject,subjectid
product,transactioncurrencyid,transactioncurrency,transactioncurrencyid
salesorder,accountid,account,
salesorder,campaignid,campaign,campaignid
salesorder,contactid,contact,
salesorder,createdby,systemuser,systemuserid
salesorder,createdonbehalfby,systemuser,systemuserid
salesorder,dow_enteredby,systemuser,systemuserid
salesorder,dow_orderid,account,accountid
salesorder,dow_seller,systemuser,systemuserid
salesorder,dow_shiptocountry,dow_country,dow_countryid
salesorder,dow_shiptoname,account,accountid
salesorder,dow_soldtocountry,dow_country,dow_countryid
salesorder,dow_soldtoparty,account,accountid
salesorder,dow_ygpartner,systemuser,systemuserid
salesorder,dow_zepartner,systemuser,systemuserid
salesorder,modifiedby,systemuser,systemuserid
salesorder,modifiedonbehalfby,systemuser,systemuserid
salesorder,opportunityid,opportunity,opportunityid
salesorder,owningbusinessunit,businessunit,businessunitid
salesorder,owningteam,team,teamid
salesorder,owninguser,systemuser,systemuserid
salesorder,pricelevelid,pricelevel,pricelevelid
salesorder,quoteid,quote,quoteid
salesorder,slaid,sla,slaid
salesorder,slainvokedid,sla,slaid
salesorder,transactioncurrencyid,transactioncurrency,transactioncurrencyid
salesorder,ownerid,systemuser,
salesorder,ownerid,team,
salesorder,customerid,account,accountid
salesorder,customerid,contact,contactid
opportunity,accountid,account,
opportunity,campaignid,campaign,campaignid
opportunity,contactid,contact,
opportunity,createdby,systemuser,systemuserid
opportunity,createdonbehalfby,systemuser,systemuserid
opportunity,dow_application,dow_dowbusinessmarket,dow_dowbusinessmarketid
opportunity,dow_associatedgoalid,dow_goals,dow_goalsid
opportunity,dow_brandownerlookup,account,accountid
opportunity,dow_business,businessunit,businessunitid
opportunity,dow_businessgroupid,businessunit,businessunitid
opportunity,dow_businesssegmentid,businessunit,businessunitid
opportunity,dow_caclaimer,systemuser,systemuserid
opportunity,dow_campaign,campaign,campaignid
opportunity,dow_cloneopportunityid,opportunity,opportunityid
opportunity,dow_countryofinvoice,dow_country,dow_countryid
opportunity,dow_createdbyreporting,systemuser,systemuserid
opportunity,dow_endusecustomer,account,accountid
opportunity,dow_innovationprojectid,dow_innovationproject,dow_innovationprojectid
opportunity,dow_marketid,dow_dowbusinessmarket,dow_dowbusinessmarketid
opportunity,dow_marketsegmentparent,dow_dowbusinessmarket,dow_dowbusinessmarketid
opportunity,dow_ownedby,systemuser,systemuserid
opportunity,dow_primarycontactid,contact,contactid
opportunity,dow_primarysalesprofessionalid,systemuser,systemuserid
opportunity,dow_productuselocationcountry,dow_country,dow_countryid
opportunity,dow_productuselocationcounty,dow_county,dow_countyid
opportunity,dow_productuselocationstate,dow_state,dow_stateid
opportunity,dow_salesregionid,dow_salesregion,dow_salesregionid
opportunity,dow_transplantexportingcountry,dow_country,dow_countryid
opportunity,dow_transplantimportingcountry,dow_country,dow_countryid
opportunity,dow_tsdname,systemuser,systemuserid
opportunity,modifiedby,systemuser,systemuserid
opportunity,modifiedonbehalfby,systemuser,systemuserid
opportunity,msdyn_opportunitykpiid,msdyn_opportunitykpiitem,msdyn_opportunitykpiitemid
opportunity,msdyn_predictivescoreid,msdyn_predictivescore,msdyn_predictivescoreid
opportunity,msdyn_segmentid,msdyn_segment,msdyn_segmentid
opportunity,originatingleadid,lead,leadid
opportunity,owningbusinessunit,businessunit,businessunitid
opportunity,owningteam,team,teamid
opportunity,owninguser,systemuser,systemuserid
opportunity,parentaccountid,account,accountid
opportunity,parentcontactid,contact,contactid
opportunity,pricelevelid,pricelevel,pricelevelid
opportunity,slaid,sla,
opportunity,slainvokedid,sla,
opportunity,transactioncurrencyid,transactioncurrency,transactioncurrencyid
opportunity,zift_deal_partner,account,accountid
opportunity,ownerid,systemuser,
opportunity,ownerid,team,
opportunity,customerid,account,accountid
opportunity,customerid,contact,contactid
systemuser,businessunitid,businessunit,businessunitid
systemuser,calendarid,calendar,calendarid
systemuser,cnx_finesseserver,cnx_finesseserver,cnx_finesseserverid
systemuser,cnx_servicelayout,cnx_servicelayout,cnx_servicelayoutid
systemuser,createdby,systemuser,systemuserid
systemuser,createdonbehalfby,systemuser,systemuserid
systemuser,defaultmailbox,mailbox,mailboxid
systemuser,dow_business,businessunit,businessunitid
systemuser,dow_salesregion,dow_salesregion,dow_salesregionid
systemuser,mobileofflineprofileid,mobileofflineprofile,mobileofflineprofileid
systemuser,modifiedby,systemuser,systemuserid
systemuser,modifiedonbehalfby,systemuser,systemuserid
systemuser,msdyn_defaultpresenceiduser,msdyn_presence,msdyn_presenceid
systemuser,parentsystemuserid,systemuser,systemuserid
systemuser,positionid,position,positionid
systemuser,queueid,queue,queueid
systemuser,siteid,site,siteid
systemuser,territoryid,territory,territoryid
systemuser,transactioncurrencyid,transactioncurrency,transactioncurrencyid
team,administratorid,systemuser,systemuserid
team,businessunitid,businessunit,businessunitid
team,createdby,systemuser,systemuserid
team,createdonbehalfby,systemuser,systemuserid
team,delegatedauthorizationid,delegatedauthorization,delegatedauthorizationid
team,modifiedby,systemuser,systemuserid
team,modifiedonbehalfby,systemuser,systemuserid
team,queueid,queue,queueid
team,regardingobjectid,dow_salescontract,dow_salescontractid
team,regardingobjectid,knowledgearticle,knowledgearticleid
team,regardingobjectid,opportunity,opportunityid
team,teamtemplateid,teamtemplate,teamtemplateid
team,transactioncurrencyid,transactioncurrency,transactioncurrencyid
task,createdby,systemuser,systemuserid
task,createdonbehalfby,systemuser,systemuserid
task,dow_business,businessunit,businessunitid
task,dow_businessgroup,businessunit,businessunitid
task,modifiedby,systemuser,systemuserid
task,modifiedonbehalfby,systemuser,systemuserid
task,owningbusinessunit,businessunit,businessunitid
task,owningteam,team,teamid
task,owninguser,systemuser,systemuserid
task,regardingobjectid,account,
task,regardingobjectid,adx_invitation,
task,regardingobjectid,bookableresourcebooking,
task,regardingobjectid,bookableresourcebookingheader,
task,regardingobjectid,campaign,
task,regardingobjectid,campaignactivity,
task,regardingobjectid,cnx_finesseserver,
task,regardingobjectid,cnx_servicelayout,
task,regardingobjectid,contact,
task,regardingobjectid,contract,
task,regardingobjectid,docusign_user,
task,regardingobjectid,dow_accountmanual,
task,regardingobjectid,dow_accountmanualordertemplate,
task,regardingobjectid,dow_accountmanualproduct,
task,regardingobjectid,dow_accountmanualshipto,
task,regardingobjectid,dow_accountmanualsoldto,
task,regardingobjectid,dow_accountplan,
task,regardingobjectid,dow_attributemappingentity,
task,regardingobjectid,dow_casetype,
task,regardingobjectid,dow_competitiveanalysis,
task,regardingobjectid,dow_county,
task,regardingobjectid,dow_financials,
task,regardingobjectid,dow_globalsalestargets,
task,regardingobjectid,dow_goals,
task,regardingobjectid,dow_quantifiedvalueproposition,
task,regardingobjectid,dow_reportofcall,
task,regardingobjectid,dow_salescontract,
task,regardingobjectid,dow_salesregion,
task,regardingobjectid,dow_sampleproductlineitem,
task,regardingobjectid,dow_state,
task,regardingobjectid,entitlement,
task,regardingobjectid,entitlementtemplate,
task,regardingobjectid,incident,
task,regardingobjectid,invoice,
task,regardingobjectid,knowledgearticle,
task,regardingobjectid,knowledgebaserecord,
task,regardingobjectid,lead,
task,regardingobjectid,msdyn_customerasset,
task,regardingobjectid,msdyn_playbookinstance,
task,regardingobjectid,msdyn_postalbum,
task,regardingobjectid,msdyn_salessuggestion,
task,regardingobjectid,msdyn_swarm,
task,regardingobjectid,mspp_adplacement,
task,regardingobjectid,mspp_pollplacement,
task,regardingobjectid,mspp_publishingstatetransitionrule,
task,regardingobjectid,mspp_redirect,
task,regardingobjectid,mspp_shortcut,
task,regardingobjectid,mspp_website,
task,regardingobjectid,opportunity,
task,regardingobjectid,quote,
task,regardingobjectid,salesorder,
task,regardingobjectid,site,
task,serviceid,service,serviceid
task,slaid,sla,slaid
task,slainvokedid,sla,slaid
task,transactioncurrencyid,transactioncurrency,transactioncurrencyid
task,ownerid,systemuser,
task,ownerid,team,
task,regardingobjectid,dow_userbackup,
task,regardingobjectid,bulkoperation,activityid
transactioncurrency,createdby,systemuser,systemuserid
transactioncurrency,createdonbehalfby,systemuser,systemuserid
transactioncurrency,modifiedby,systemuser,systemuserid
transactioncurrency,modifiedonbehalfby,systemuser,systemuserid
transactioncurrency,organizationid,organization,organizationid
salesorderdetail,createdby,systemuser,systemuserid
salesorderdetail,createdonbehalfby,systemuser,systemuserid
salesorderdetail,dow_plantcountry,dow_country,dow_countryid
salesorderdetail,modifiedby,systemuser,systemuserid
salesorderdetail,modifiedonbehalfby,systemuser,systemuserid
salesorderdetail,owningteam,team,teamid
salesorderdetail,parentbundleidref,salesorderdetail,salesorderdetailid
salesorderdetail,productid,product,productid
salesorderdetail,quotedetailid,quotedetail,quotedetailid
salesorderdetail,salesorderid,salesorder,salesorderid
salesorderdetail,salesrepid,systemuser,systemuserid
salesorderdetail,transactioncurrencyid,transactioncurrency,transactioncurrencyid
salesorderdetail,uomid,uom,uomid
salesorderdetail,ownerid,systemuser,
salesorderdetail,ownerid,team,
uom,baseuom,uom,uomid
uom,createdby,systemuser,systemuserid
uom,createdbyexternalparty,externalparty,externalpartyid
uom,createdonbehalfby,systemuser,systemuserid
uom,modifiedby,systemuser,systemuserid
uom,modifiedbyexternalparty,externalparty,externalpartyid
uom,modifiedonbehalfby,systemuser,systemuserid
uom,uomscheduleid,uomschedule,uomscheduleid
